Workbook

Sheet Điểm Tổng
A1: ĐIỂM THI HỌC KÌ I 2026-2027 (CT....)
B2: Ma CB | C2: 1043 | D2: Họ và Tên | E2: Nguyên Minh Trung
B3: Ma NH | C3: CT428 | D3: NH | E3: 8
B4: Năm Học | C4: 2026-2027 | D4: Học Kì | E4: 1
A6: STT | B6: Mã SV | C6: Họ và Tên | D6: Điểm TH1 | E6: Điểm TH2 | F6: Điểm TH3 | G6: Điểm BT Lớn | H6: Điểm LT | I6: Điểm Tổng | J6: Điểm theo thang điểm 10 | K6: Điểm chữ
A7: 1 | B7: 0B1805688 | C7: =VLOOKUP(RIGHT(B7,8),'Điểm thực hành các buổi'!$B$3:$F$16,2,0) -> Phạm Gia Huy | D7: =VLOOKUP(RIGHT(B7,8),'Điểm thực hành các buổi'!$B$3:$F$16,3,0) -> 0.45 | E7: =VLOOKUP(RIGHT(B7,8),'Điểm thực hành các buổi'!$B$3:$F$16,4,0) -> 0.25 | F7: =VLOOKUP(RIGHT(B7,8),'Điểm thực hành các buổi'!$B$3:$F$16,5,0) -> 0.3 | G7: =VLOOKUP(RIGHT(B7,8),'Điểm bài tập lớn'!$B$3:$D$16,3,0) -> 0.5 | H7: =VLOOKUP(RIGHT(B7,8),'Điểm lý thuyết'!$B$3:$D$16,3,0) -> 4.2 | I7: =ROUND(IF(H7=-3,0,D7+E7+F7+G7+0.6*H7),1) -> 4 | J7: =ROUND(IF(OR(G7=0,VALUE(LEFT(B7,1))>2),0,I7+VLOOKUP(VALUE(LEFT(B7,1)),'Các bảng tham chiếu & Thống kê'!$E$3:$F$5,2,0)),1) -> 5 | K7: =VLOOKUP(J7,'Các bảng tham chiếu & Thống kê'!$A$3:$B$10,2,1) -> D+
A8: 2 | B8: 1B2509687 | C8: =VLOOKUP(RIGHT(B8,8),'Điểm thực hành các buổi'!$B$3:$F$16,2,0) -> Nguyễn Thị Ngọc Như | D8: =VLOOKUP(RIGHT(B8,8),'Điểm thực hành các buổi'!$B$3:$F$16,3,0) -> 0.5 | E8: =VLOOKUP(RIGHT(B8,8),'Điểm thực hành các buổi'!$B$3:$F$16,4,0) -> 0.35 | F8: =VLOOKUP(RIGHT(B8,8),'Điểm thực hành các buổi'!$B$3:$F$16,5,0) -> 0.4 | G8: =VLOOKUP(RIGHT(B8,8),'Điểm bài tập lớn'!$B$3:$D$16,3,0) -> 1 | H8: =VLOOKUP(RIGHT(B8,8),'Điểm lý thuyết'!$B$3:$D$16,3,0) -> 5.8 | I8: =ROUND(IF(H8=-3,0,D8+E8+F8+G8+0.6*H8),1) -> 5.7 | J8: =ROUND(IF(OR(G8=0,VALUE(LEFT(B8,1))>2),0,I8+VLOOKUP(VALUE(LEFT(B8,1)),'Các bảng tham chiếu & Thống kê'!$E$3:$F$5,2,0)),1) -> 6.2 | K8: =VLOOKUP(J8,'Các bảng tham chiếu & Thống kê'!$A$3:$B$10,2,1) -> C+
A9: 3 | B9: 0B2509734 | C9: =VLOOKUP(RIGHT(B9,8),'Điểm thực hành các buổi'!$B$3:$F$16,2,0) -> Võ Trương Trung Kiên | D9: =VLOOKUP(RIGHT(B9,8),'Điểm thực hành các buổi'!$B$3:$F$16,3,0) -> 0.24 | E9: =VLOOKUP(RIGHT(B9,8),'Điểm thực hành các buổi'!$B$3:$F$16,4,0) -> 0.25 | F9: =VLOOKUP(RIGHT(B9,8),'Điểm thực hành các buổi'!$B$3:$F$16,5,0) -> 0.3 | G9: =VLOOKUP(RIGHT(B9,8),'Điểm bài tập lớn'!$B$3:$D$16,3,0) -> 1 | H9: =VLOOKUP(RIGHT(B9,8),'Điểm lý thuyết'!$B$3:$D$16,3,0) -> 5.8 | I9: =ROUND(IF(H9=-3,0,D9+E9+F9+G9+0.6*H9),1) -> 5.3 | J9: =ROUND(IF(OR(G9=0,VALUE(LEFT(B9,1))>2),0,I9+VLOOKUP(VALUE(LEFT(B9,1)),'Các bảng tham chiếu & Thống kê'!$E$3:$F$5,2,0)),1) -> 6.3 | K9: =VLOOKUP(J9,'Các bảng tham chiếu & Thống kê'!$A$3:$B$10,2,1) -> C+
A10: 4 | B10: 0B2611246 | C10: =VLOOKUP(RIGHT(B10,8),'Điểm thực hành các buổi'!$B$3:$F$16,2,0) -> Mạc Kiều Khả Ái | D10: =VLOOKUP(RIGHT(B10,8),'Điểm thực hành các buổi'!$B$3:$F$16,3,0) -> 0.4 | E10: =VLOOKUP(RIGHT(B10,8),'Điểm thực hành các buổi'!$B$3:$F$16,4,0) -> 0.25 | F10: =VLOOKUP(RIGHT(B10,8),'Điểm thực hành các buổi'!$B$3:$F$16,5,0) -> 0.35 | G10: =VLOOKUP(RIGHT(B10,8),'Điểm bài tập lớn'!$B$3:$D$16,3,0) -> 0.5 | H10: =VLOOKUP(RIGHT(B10,8),'Điểm lý thuyết'!$B$3:$D$16,3,0) -> 4.5 | I10: =ROUND(IF(H10=-3,0,D10+E10+F10+G10+0.6*H10),1) -> 4.2 | J10: =ROUND(IF(OR(G10=0,VALUE(LEFT(B10,1))>2),0,I10+VLOOKUP(VALUE(LEFT(B10,1)),'Các bảng tham chiếu & Thống kê'!$E$3:$F$5,2,0)),1) -> 5.2 | K10: =VLOOKUP(J10,'Các bảng tham chiếu & Thống kê'!$A$3:$B$10,2,1) -> D+
A11: 5 | B11: 2B2611247 | C11: =VLOOKUP(RIGHT(B11,8),'Điểm thực hành các buổi'!$B$3:$F$16,2,0) -> Dương Duy Bằng | D11: =VLOOKUP(RIGHT(B11,8),'Điểm thực hành các buổi'!$B$3:$F$16,3,0) -> 0.45 | E11: =VLOOKUP(RIGHT(B11,8),'Điểm thực hành các buổi'!$B$3:$F$16,4,0) -> 0.4 | F11: =VLOOKUP(RIGHT(B11,8),'Điểm thực hành các buổi'!$B$3:$F$16,5,0) -> 0.35 | G11: =VLOOKUP(RIGHT(B11,8),'Điểm bài tập lớn'!$B$3:$D$16,3,0) -> 0.75 | H11: =VLOOKUP(RIGHT(B11,8),'Điểm lý thuyết'!$B$3:$D$16,3,0) -> 5.5 | I11: =ROUND(IF(H11=-3,0,D11+E11+F11+G11+0.6*H11),1) -> 5.3 | J11: =ROUND(IF(OR(G11=0,VALUE(LEFT(B11,1))>2),0,I11+VLOOKUP(VALUE(LEFT(B11,1)),'Các bảng tham chiếu & Thống kê'!$E$3:$F$5,2,0)),1) -> 5.6 | K11: =VLOOKUP(J11,'Các bảng tham chiếu & Thống kê'!$A$3:$B$10,2,1) -> C
A12: 6 | B12: 0B2611248 | C12: =VLOOKUP(RIGHT(B12,8),'Điểm thực hành các buổi'!$B$3:$F$16,2,0) -> Bùi Thanh Bình | D12: =VLOOKUP(RIGHT(B12,8),'Điểm thực hành các buổi'!$B$3:$F$16,3,0) -> 0.4 | E12: =VLOOKUP(RIGHT(B12,8),'Điểm thực hành các buổi'!$B$3:$F$16,4,0) -> 0.45 | F12: =VLOOKUP(RIGHT(B12,8),'Điểm thực hành các buổi'!$B$3:$F$16,5,0) -> 0.5 | G12: =VLOOKUP(RIGHT(B12,8),'Điểm bài tập lớn'!$B$3:$D$16,3,0) -> 0.25 | H12: =VLOOKUP(RIGHT(B12,8),'Điểm lý thuyết'!$B$3:$D$16,3,0) -> 7.5 | I12: =ROUND(IF(H12=-3,0,D12+F12+G12+0.6*H12),1) -> 5.7 | J12: =ROUND(IF(OR(G12=0,VALUE(LEFT(B12,1))>2),0,I12+VLOOKUP(VALUE(LEFT(B12,1)),'Các bảng tham chiếu & Thống kê'!$E$3:$F$5,2,0)),1) -> 6.7 | K12: =VLOOKUP(J12,'Các bảng tham chiếu & Thống kê'!$A$3:$B$10,2,1) -> C+
A13: 7 | B13: 0B2611249 | C13: =VLOOKUP(RIGHT(B13,8),'Điểm thực hành các buổi'!$B$3:$F$16,2,0) -> Lý Thanh Bình | D13: =VLOOKUP(RIGHT(B13,8),'Điểm thực hành các buổi'!$B$3:$F$16,3,0) -> 0.4 | E13: =VLOOKUP(RIGHT(B13,8),'Điểm thực hành các buổi'!$B$3:$F$16,4,0) -> 0.4 | F13: =VLOOKUP(RIGHT(B13,8),'Điểm thực hành các buổi'!$B$3:$F$16,5,0) -> 0.4 | G13: =VLOOKUP(RIGHT(B13,8),'Điểm bài tập lớn'!$B$3:$D$16,3,0) -> 1 | H13: =VLOOKUP(RIGHT(B13,8),'Điểm lý thuyết'!$B$3:$D$16,3,0) -> 5.3 | I13: =ROUND(IF(H13=-3,0,D13+E13+F13+G13+0.6*H13),1) -> 5.4 | J13: =ROUND(IF(OR(G13=0,VALUE(LEFT(B13,1))>2),0,I13+VLOOKUP(VALUE(LEFT(B13,1)),'Các bảng tham chiếu & Thống kê'!$E$3:$F$5,2,0)),1) -> 6.4 | K13: =VLOOKUP(J13,'Các bảng tham chiếu & Thống kê'!$A$3:$B$10,2,1) -> C+
A14: 8 | B14: 0B2611250 | C14: =VLOOKUP(RIGHT(B14,8),'Điểm thực hành các buổi'!$B$3:$F$16,2,0) -> Ngô Thừa Chí | D14: =VLOOKUP(RIGHT(B14,8),'Điểm thực hành các buổi'!$B$3:$F$16,3,0) -> 0.45 | E14: =VLOOKUP(RIGHT(B14,8),'Điểm thực hành các buổi'!$B$3:$F$16,4,0) -> 0.4 | F14: =VLOOKUP(RIGHT(B14,8),'Điểm thực hành các buổi'!$B$3:$F$16,5,0) -> 0.45 | G14: =VLOOKUP(RIGHT(B14,8),'Điểm bài tập lớn'!$B$3:$D$16,3,0) -> 1.5 | H14: =VLOOKUP(RIGHT(B14,8),'Điểm lý thuyết'!$B$3:$D$16,3,0) -> 6.8 | I14: =ROUND(IF(H14=-3,0,D14+E14+F14+G14+0.6*H14),1) -> 6.9 | J14: =ROUND(IF(OR(G14=0,VALUE(LEFT(B14,1))>2),0,I14+VLOOKUP(VALUE(LEFT(B14,1)),'Các bảng tham chiếu & Thống kê'!$E$3:$F$5,2,0)),1) -> 7.9 | K14: =VLOOKUP(J14,'Các bảng tham chiếu & Thống kê'!$A$3:$B$10,2,1) -> B
A15: 9 | B15: 0B2611251 | C15: =VLOOKUP(RIGHT(B15,8),'Điểm thực hành các buổi'!$B$3:$F$16,2,0) -> Kim Tấn Đạt | D15: =VLOOKUP(RIGHT(B15,8),'Điểm thực hành các buổi'!$B$3:$F$16,3,0) -> 0.45 | E15: =VLOOKUP(RIGHT(B15,8),'Điểm thực hành các buổi'!$B$3:$F$16,4,0) -> 0.4 | F15: =VLOOKUP(RIGHT(B15,8),'Điểm thực hành các buổi'!$B$3:$F$16,5,0) -> 0.4 | G15: =VLOOKUP(RIGHT(B15,8),'Điểm bài tập lớn'!$B$3:$D$16,3,0) -> 0.5 | H15: =VLOOKUP(RIGHT(B15,8),'Điểm lý thuyết'!$B$3:$D$16,3,0) -> 6.3 | I15: =ROUND(IF(H15=-3,0,D15+E15+F15+G15+0.6*H15),1) -> 5.5 | J15: =ROUND(IF(OR(G15=0,VALUE(LEFT(B15,1))>2),0,I15+VLOOKUP(VALUE(LEFT(B15,1)),'Các bảng tham chiếu & Thống kê'!$E$3:$F$5,2,0)),1) -> 6.5 | K15: =VLOOKUP(J15,'Các bảng tham chiếu & Thống kê'!$A$3:$B$10,2,1) -> C+
A16: 10 | B16: 1B2611252 | C16: =VLOOKUP(RIGHT(B16,8),'Điểm thực hành các buổi'!$B$3:$F$16,2,0) -> Nguyễn Minh Đạt | D16: =VLOOKUP(RIGHT(B16,8),'Điểm thực hành các buổi'!$B$3:$F$16,3,0) -> 0.3 | E16: =VLOOKUP(RIGHT(B16,8),'Điểm thực hành các buổi'!$B$3:$F$16,4,0) -> 0.5 | F16: =VLOOKUP(RIGHT(B16,8),'Điểm thực hành các buổi'!$B$3:$F$16,5,0) -> 0.45 | G16: =VLOOKUP(RIGHT(B16,8),'Điểm bài tập lớn'!$B$3:$D$16,3,0) -> 1.25 | H16: =VLOOKUP(RIGHT(B16,8),'Điểm lý thuyết'!$B$3:$D$16,3,0) -> 8.3 | I16: =ROUND(IF(H16=-3,0,D16+E16+F16+G16+0.6*H16),1) -> 7.5 | J16: =ROUND(IF(OR(G16=0,VALUE(LEFT(B16,1))>2),0,I16+VLOOKUP(VALUE(LEFT(B16,1)),'Các bảng tham chiếu & Thống kê'!$E$3:$F$5,2,0)),1) -> 8 | K16: =VLOOKUP(J16,'Các bảng tham chiếu & Thống kê'!$A$3:$B$10,2,1) -> B+
A17: 11 | B17: 4B2611253 | C17: =VLOOKUP(RIGHT(B17,8),'Điểm thực hành các buổi'!$B$3:$F$16,2,0) -> Võ Thành Đồng | D17: =VLOOKUP(RIGHT(B17,8),'Điểm thực hành các buổi'!$B$3:$F$16,3,0) -> 0.4 | E17: =VLOOKUP(RIGHT(B17,8),'Điểm thực hành các buổi'!$B$3:$F$16,4,0) -> 0.45 | F17: =VLOOKUP(RIGHT(B17,8),'Điểm thực hành các buổi'!$B$3:$F$16,5,0) -> 0.4 | G17: =VLOOKUP(RIGHT(B17,8),'Điểm bài tập lớn'!$B$3:$D$16,3,0) -> 1 | H17: =VLOOKUP(RIGHT(B17,8),'Điểm lý thuyết'!$B$3:$D$16,3,0) -> -3 | I17: =ROUND(IF(H17=-3,0,D17+E17+F17+G17+0.6*H17),1) -> 0 | J17: =ROUND(IF(OR(G17=0,VALUE(LEFT(B17,1))>2),0,I17+VLOOKUP(VALUE(LEFT(B17,1)),'Các bảng tham chiếu & Thống kê'!$E$3:$F$5,2,0)),1) -> 0 | K17: =VLOOKUP(J17,'Các bảng tham chiếu & Thống kê'!$A$3:$B$10,2,1) -> F
A18: 12 | B18: 2B2611254 | C18: =VLOOKUP(RIGHT(B18,8),'Điểm thực hành các buổi'!$B$3:$F$16,2,0) -> Phạm Chí Đức | D18: =VLOOKUP(RIGHT(B18,8),'Điểm thực hành các buổi'!$B$3:$F$16,3,0) -> 0.5 | E18: =VLOOKUP(RIGHT(B18,8),'Điểm thực hành các buổi'!$B$3:$F$16,4,0) -> 0.5 | F18: =VLOOKUP(RIGHT(B18,8),'Điểm thực hành các buổi'!$B$3:$F$16,5,0) -> 0.45 | G18: =VLOOKUP(RIGHT(B18,8),'Điểm bài tập lớn'!$B$3:$D$16,3,0) -> 1 | H18: =VLOOKUP(RIGHT(B18,8),'Điểm lý thuyết'!$B$3:$D$16,3,0) -> 7 | I18: =ROUND(IF(H18=-3,0,D18+E18+F18+G18+0.6*H18),1) -> 6.7 | J18: =ROUND(IF(OR(G18=0,VALUE(LEFT(B18,1))>2),0,I18+VLOOKUP(VALUE(LEFT(B18,1)),'Các bảng tham chiếu & Thống kê'!$E$3:$F$5,2,0)),1) -> 7 | K18: =VLOOKUP(J18,'Các bảng tham chiếu & Thống kê'!$A$3:$B$10,2,1) -> B
A19: 13 | B19: 5B2611255 | C19: =VLOOKUP(RIGHT(B19,8),'Điểm thực hành các buổi'!$B$3:$F$16,2,0) -> Phan Thành Gia | D19: =VLOOKUP(RIGHT(B19,8),'Điểm thực hành các buổi'!$B$3:$F$16,3,0) -> 0.4 | E19: =VLOOKUP(RIGHT(B19,8),'Điểm thực hành các buổi'!$B$3:$F$16,4,0) -> 0.4 | F19: =VLOOKUP(RIGHT(B19,8),'Điểm thực hành các buổi'!$B$3:$F$16,5,0) -> 0.35 | G19: =VLOOKUP(RIGHT(B19,8),'Điểm bài tập lớn'!$B$3:$D$16,3,0) -> 0.75 | H19: =VLOOKUP(RIGHT(B19,8),'Điểm lý thuyết'!$B$3:$D$16,3,0) -> -3 | I19: =ROUND(IF(H19=-3,0,D19+E19+F19+G19+0.6*H19),1) -> 0 | J19: =ROUND(IF(OR(G19=0,VALUE(LEFT(B19,1))>2),0,I19+VLOOKUP(VALUE(LEFT(B19,1)),'Các bảng tham chiếu & Thống kê'!$E$3:$F$5,2,0)),1) -> 0 | K19: =VLOOKUP(J19,'Các bảng tham chiếu & Thống kê'!$A$3:$B$10,2,1) -> F
A20: 14 | B20: 0B2611256 | C20: =VLOOKUP(RIGHT(B20,8),'Điểm thực hành các buổi'!$B$3:$F$16,2,0) -> Ngô Trung Hậu | D20: =VLOOKUP(RIGHT(B20,8),'Điểm thực hành các buổi'!$B$3:$F$16,3,0) -> 0.35 | E20: =VLOOKUP(RIGHT(B20,8),'Điểm thực hành các buổi'!$B$3:$F$16,4,0) -> 0.4 | F20: =VLOOKUP(RIGHT(B20,8),'Điểm thực hành các buổi'!$B$3:$F$16,5,0) -> 0 | G20: =VLOOKUP(RIGHT(B20,8),'Điểm bài tập lớn'!$B$3:$D$16,3,0) -> 0.5 | H20: =VLOOKUP(RIGHT(B20,8),'Điểm lý thuyết'!$B$3:$D$16,3,0) -> 6.5 | I20: =ROUND(IF(H20=-3,0,D20+E20+F20+G20+0.6*H20),1) -> 5.2 | J20: =ROUND(IF(OR(G20=0,VALUE(LEFT(B20,1))>2),0,I20+VLOOKUP(VALUE(LEFT(B20,1)),'Các bảng tham chiếu & Thống kê'!$E$3:$F$5,2,0)),1) -> 6.2 | K20: =VLOOKUP(J20,'Các bảng tham chiếu & Thống kê'!$A$3:$B$10,2,1) -> C+

Sheet Điểm thực hành  các buổi
A1: Điểm thực hành các buổi
A2: STT | B2: Mã SV | C2: Họ và Tên | D2: Điểm TH1 | E2: Điểm TH2 | F2: Điểm TH3
A3: 1 | B3: B1805688 | C3: Phạm Gia Huy | D3: 0.45 | E3: 0.25 | F3: 0.3
A4: 2 | B4: B2509687 | C4: Nguyễn Thị Ngọc Như | D4: 0.5 | E4: 0.35 | F4: 0.4
A5: 3 | B5: B2509734 | C5: Võ Trương Trung Kiên | D5: 0.24 | E5: 0.25 | F5: 0.3
A6: 4 | B6: B2611246 | C6: Mạc Kiều Khả Ái | D6: 0.4 | E6: 0.25 | F6: 0.35
A7: 5 | B7: B2611247 | C7: Dương Duy Bằng | D7: 0.45 | E7: 0.4 | F7: 0.35
A8: 6 | B8: B2611248 | C8: Bùi Thanh Bình | D8: 0.4 | E8: 0.45 | F8: 0.5
A9: 7 | B9: B2611249 | C9: Lý Thanh Bình | D9: 0.4 | E9: 0.4 | F9: 0.4
A10: 8 | B10: B2611250 | C10: Ngô Thừa Chí | D10: 0.45 | E10: 0.4 | F10: 0.45
A11: 9 | B11: B2611251 | C11: Kim Tấn Đạt | D11: 0.45 | E11: 0.4 | F11: 0.4
A12: 10 | B12: B2611252 | C12: Nguyễn Minh Đạt | D12: 0.3 | E12: 0.5 | F12: 0.45
A13: 11 | B13: B2611253 | C13: Võ Thành Đồng | D13: 0.4 | E13: 0.45 | F13: 0.4
A14: 12 | B14: B2611254 | C14: Phạm Chí Đức | D14: 0.5 | E14: 0.5 | F14: 0.45
... A16: 14 | B16: B2611256 | C16: Ngô Trung Hậu | D16: 0.35 | E16: 0.4 | F16: 0

Sheet Điểm bài tập lớn
A1: Điểm bài tập lớn
A2: STT | B2: Mã SV | C2: Họ và Tên | D2: Điểm BT Lớn
A3: 1 | B3: B1805688 | C3: Phạm Gia Huy | D3: 0.5
A4: 2 | B4: B2509687 | C4: Nguyễn Thị Ngọc Như | D4: 1
A5: 3 | B5: B2509734 | C5: Võ Trương Trung Kiên | D5: 1
A6: 4 | B6: B2611246 | C6: Mạc Kiều Khả Ái | D6: 0.5
A7: 5 | B7: B2611247 | C7: Dương Duy Bằng | D7: 0.75
A8: 6 | B8: B2611248 | C8: Bùi Thanh Bình | D8: 0.25
A9: 7 | B9: B2611249 | C9: Lý Thanh Bình | D9: 1
A10: 8 | B10: B2611250 | C10: Ngô Thừa Chí | D10: 1.5
A11: 9 | B11: B2611251 | C11: Kim Tấn Đạt | D11: 0.5
A12: 10 | B12: B2611252 | C12: Nguyễn Minh Đạt | D12: 1.25
A13: 11 | B13: B2611253 | C13: Võ Thành Đồng | D13: 1
A14: 12 | B14: B2611254 | C14: Phạm Chí Đức | D14: 1
... A16: 14 | B16: B2611256 | C16: Ngô Trung Hậu | D16: 0.5

Sheet Điểm lý thuyết
A1: Điểm Lý Thuyết
A2: STT | B2: Mã SV | C2: Họ và Tên | D2: Điểm Lí Thuyết
A3: 1 | B3: B1805688 | C3: Phạm Gia Huy | D3: 4.2
A4: 2 | B4: B2509687 | C4: Nguyễn Thị Ngọc Như | D4: 5.8
A5: 3 | B5: B2509734 | C5: Võ Trương Trung Kiên | D5: 5.8
A6: 4 | B6: B2611246 | C6: Mạc Kiều Khả Ái | D6: 4.5
A7: 5 | B7: B2611247 | C7: Dương Duy Bằng | D7: 5.5
A8: 6 | B8: B2611248 | C8: Bùi Thanh Bình | D8: 7.5
A9: 7 | B9: B2611249 | C9: Lý Thanh Bình | D9: 5.3
A10: 8 | B10: B2611250 | C10: Ngô Thừa Chí | D10: 6.8
A11: 9 | B11: B2611251 | C11: Kim Tấn Đạt | D11: 6.3
A12: 10 | B12: B2611252 | C12: Nguyễn Minh Đạt | D12: 8.3
A13: 11 | B13: B2611253 | C13: Võ Thành Đồng | D13: -3
A14: 12 | B14: B2611254 | C14: Phạm Chí Đức | D14: 7
... A16: 14 | B16: B2611256 | C16: Ngô Trung Hậu | D16: 6.5

Sheet Các bảng tham chiếu & Thống kê
A1: Bảng Quy Đổi | E1: Bảng Điểm Chuyên Cần
A2: Điểm Theo Thang Điểm 10 | B2: Điểm | C2: Điểm Theo Thang Điểm 4 | E2: Số buổi vắng | F2: Điểm CT
A3: 0 | B3: F | C3: 0 | E3: 0 | F3: 1
A4: 4 | B4: D | C4: 1 | E4: 1 | F4: 0.5
A5: 5 | B5: D+ | C5: 1.5 | E5: 2 | F5: 0.25
A6: 5.5 | B6: C | C6: 2
A7: 6 | B7: C+ | C7: 2.5
A8: 7 | B8: B | C8: 3
A9: 8 | B9: B+ | C9: 3.5
A10: 9 | B10: A | C10: 4
A13: Danh Sách Sinh viên | E13: Bảng Thống Kê Theo Điểm Chữ
A14: STT | B14: Mã SV | C14: Họ Và Tên | E14: Điểm Chữ | F14: Số lượng SV
A15: 1 | B15: B1805688 | C15: Phạm Gia Huy | E15: A | F15: =COUNTIF('Điểm Tổng'!$K$7:$K$20,E15) -> 0
A16: 2 | B16: B2509687 | C16: Nguyễn Thị Ngọc Như | E16: B+ | F16: =COUNTIF('Điểm Tổng'!$K$7:$K$20,E16) -> 1
A17: 3 | B17: B2509734 | C17: Võ Trương Trung Kiên | E17: B | F17: =COUNTIF('Điểm Tổng'!$K$7:$K$20,E17) -> 2
A18: 4 | B18: B2611246 | C18: Mạc Kiều Khả Ái | E18: C+ | F18: =COUNTIF('Điểm Tổng'!$K$7:$K$20,E18) -> 6
A19: 5 | B19: B2611247 | C19: Dương Duy Bằng | E19: C | F19: =COUNTIF('Điểm Tổng'!$K$7:$K$20,E19) -> 1
A20: 6 | B20: B2611248 | C20: Bùi Thanh Bình | E20: D+ | F20: =COUNTIF('Điểm Tổng'!$K$7:$K$20,E20) -> 2
A21: 7 | B21: B2611249 | C21: Lý Thanh Bình | E21: D | F21: =COUNTIF('Điểm Tổng'!$K$7:$K$20,E21) -> 0
A22: 8 | B22: B2611250 | C22: Ngô Thừa Chí | E22: F | F22: =COUNTIF('Điểm Tổng'!$K$7:$K$20,E22) -> 2
A23: 9 | B23: B2611251 | C23: Kim Tấn Đạt
A24: 10 | B24: B2611252 | C24: Nguyễn Minh Đạt | E24: Bảng Thống kê SV
A25: 11 | B25: B2611253 | C25: Võ Thành Đồng | E25: Số Sv Điểm BT lớn hơn = 0 Hoặc Điểm LT lớn hơn = -3 | F25: {=COUNTIF('Điểm Tổng'!$G$7:$G$20,O)+COUNTIF('Điểm Tổng'!$H$7:$H$20,-3)} -> 2
A26: 12 | B26: B2611254 | C26: Phạm Chí Đức
A27: 13 | B27: B2611255 | C27: Phan Thành Gia
A28: 14 | B28: B2611256 | C28: Ngô Trung Hậu | E28: Số SV nghỉ TH>2 | F28: =COUNTIF('Điểm Tổng'!$B$7:$B$20,"3*")+COUNTIF('Điểm Tổng'!$B$7:$B$20,"4*")+COUNTIF('Điểm Tổng'!$B$7:$B$20,"5*") -> 2

Sheet SV điểm >=7
A1: STT | B1: Mã SV | C1: Họ và Tên | D1: Điểm >= 7 | E1: Điểm chữ
A2: 1 | B2: B1805688 | C2: Phạm Gia Huy | D2: =IF('Điểm Tổng'!J7>=7,'Điểm Tổng'!J7,"") | E2: =IF(D2<>"",'Điểm Tổng'!K7,"")
A3: 2 | B3: B2509687 | C3: Nguyễn Thị Ngọc Như | D3: =IF('Điểm Tổng'!J8>=7,'Điểm Tổng'!J8,"") | E3: =IF(D3<>"",'Điểm Tổng'!K8,"")
A4: 3 | B4: B2509734 | C4: Võ Trương Trung Kiên | D4: =IF('Điểm Tổng'!J9>=7,'Điểm Tổng'!J9,"") | E4: =IF(D4<>"",'Điểm Tổng'!K9,"")
A5: 4 | B5: B2611246 | C5: Mạc Kiều Khả Ái | D5: =IF('Điểm Tổng'!J10>=7,'Điểm Tổng'!J10,"") | E5: =IF(D5<>"",'Điểm Tổng'!K10,"")
A6: 5 | B6: B2611247 | C6: Dương Duy Bằng | D6: =IF('Điểm Tổng'!J11>=7,'Điểm Tổng'!J11,"") | E6: =IF(D6<>"",'Điểm Tổng'!K11,"")
A7: 6 | B7: B2611248 | C7: Bùi Thanh Bình | D7: =IF('Điểm Tổng'!J12>=7,'Điểm Tổng'!J12,"") | E7: =IF(D7<>"",'Điểm Tổng'!K12,"")
A8: 7 | B8: B2611249 | C8: Lý Thanh Bình | D8: =IF('Điểm Tổng'!J13>=7,'Điểm Tổng'!J13,"") | E8: =IF(D8<>"",'Điểm Tổng'!K13,"")
A9: 8 | B9: B2611250 | C9: Ngô Thừa Chí | D9: =IF('Điểm Tổng'!J14>=7,'Điểm Tổng'!J14,"") -> 7.9 | E9: =IF(D9<>"",'Điểm Tổng'!K14,"") -> B
A10: 9 | B10: B2611251 | C10: Kim Tấn Đạt | D10: =IF('Điểm Tổng'!J15>=7,'Điểm Tổng'!J15,"") | E10: =IF(D10<>"",'Điểm Tổng'!K15,"")
A11: 10 | B11: B2611252 | C11: Nguyễn Minh Đạt | D11: =IF('Điểm Tổng'!J16>=7,'Điểm Tổng'!J16,"") -> 8 | E11: =IF(D11<>"",'Điểm Tổng'!K16,"") -> B+
A12: 11 | B12: B2611253 | C12: Võ Thành Đồng | D12: =IF('Điểm Tổng'!J17>=7,'Điểm Tổng'!J17,"") | E12: =IF(D12<>"",'Điểm Tổng'!K17,"")
A13: 12 | B13: B2611254 | C13: Phạm Chí Đức | D13: =IF('Điểm Tổng'!J18>=7,'Điểm Tổng'!J18,"") -> 7 | E13: =IF(D13<>"",'Điểm Tổng'!K18,"") -> B
... A15: 14 | B15: B2611256 | C15: Ngô Trung Hậu | D15: =IF('Điểm Tổng'!J20>=7,'Điểm Tổng'!J20,"") | E15: =IF(D15<>"",'Điểm Tổng'!K20,"")

Sheet SV điểm <7
A1: STT | B1: Mã SV | C1: Họ và Tên | D1: Điểm < 7 | E1: Điểm chữ
A2: 1 | B2: B1805688 | C2: Phạm Gia Huy | D2: =IF('Điểm Tổng'!J7<7,'Điểm Tổng'!J7,"") -> 5 | E2: =IF(D2<>"",'Điểm Tổng'!K7,"") -> D+
A3: 2 | B3: B2509687 | C3: Nguyễn Thị Ngọc Như | D3: =IF('Điểm Tổng'!J8<7,'Điểm Tổng'!J8,"") -> 6.2 | E3: =IF(D3<>"",'Điểm Tổng'!K8,"") -> C+
A4: 3 | B4: B2509734 | C4: Võ Trương Trung Kiên | D4: =IF('Điểm Tổng'!J9<7,'Điểm Tổng'!J9,"") -> 6.3 | E4: =IF(D4<>"",'Điểm Tổng'!K9,"") -> C+
A5: 4 | B5: B2611246 | C5: Mạc Kiều Khả Ái | D5: =IF('Điểm Tổng'!J10<7,'Điểm Tổng'!J10,"") -> 5.2 | E5: =IF(D5<>"",'Điểm Tổng'!K10,"") -> D+
A6: 5 | B6: B2611247 | C6: Dương Duy Bằng | D6: =IF('Điểm Tổng'!J11<7,'Điểm Tổng'!J11,"") -> 5.6 | E6: =IF(D6<>"",'Điểm Tổng'!K11,"") -> C
A7: 6 | B7: B2611248 | C7: Bùi Thanh Bình | D7: =IF('Điểm Tổng'!J12<7,'Điểm Tổng'!J12,"") -> 6.7 | E7: =IF(D7<>"",'Điểm Tổng'!K12,"") -> C+
A8: 7 | B8: B2611249 | C8: Lý Thanh Bình | D8: =IF('Điểm Tổng'!J13<7,'Điểm Tổng'!J13,"") -> 6.4 | E8: =IF(D8<>"",'Điểm Tổng'!K13,"") -> C+
A9: 8 | B9: B2611250 | C9: Ngô Thừa Chí | D9: =IF('Điểm Tổng'!J14<7,'Điểm Tổng'!J14,"") | E9: =IF(D9<>"",'Điểm Tổng'!K14,"")
A10: 9 | B10: B2611251 | C10: Kim Tấn Đạt | D10: =IF('Điểm Tổng'!J15<7,'Điểm Tổng'!J15,"") -> 6.5 | E10: =IF(D10<>"",'Điểm Tổng'!K15,"") -> C+
A11: 10 | B11: B2611252 | C11: Nguyễn Minh Đạt | D11: =IF('Điểm Tổng'!J16<7,'Điểm Tổng'!J16,"") | E11: =IF(D11<>"",'Điểm Tổng'!K16,"")
A12: 11 | B12: B2611253 | C12: Võ Thành Đồng | D12: =IF('Điểm Tổng'!J17<7,'Điểm Tổng'!J17,"") -> 0 | E12: =IF(D12<>"",'Điểm Tổng'!K17,"") -> F
A13: 12 | B13: B2611254 | C13: Phạm Chí Đức | D13: =IF('Điểm Tổng'!J18<7,'Điểm Tổng'!J18,"") | E13: =IF(D13<>"",'Điểm Tổng'!K18,"")
... A15: 14 | B15: B2611256 | C15: Ngô Trung Hậu | D15: =IF('Điểm Tổng'!J20<7,'Điểm Tổng'!J20,"") -> 6.2 | E15: =IF(D15<>"",'Điểm Tổng'!K20,"") -> C+
